analysis_role	injury_set	injury_gene_file	n_input_genes	n_overlap_genes	model	term	estimate	std.error	statistic	p.value	conf.low	conf.high
topN_sensitivity	HBV_INJURY_TOP_200	results/tables/HBV_INJURY_TOP_200_gene_set.tsv	200	200	unadjusted	(Intercept)	-0.08748838619459029	0.08540327541623781	-1.0244148806727855	0.30799367883260254	-0.2568273051220317	0.08185053273285114
topN_sensitivity	HBV_INJURY_TOP_200	results/tables/HBV_INJURY_TOP_200_gene_set.tsv	200	200	unadjusted	tissuetumor	0.13373224746887358	0.10558868860853605	1.2665395245572009	0.2081224229108942	-0.07563061704412088	0.34309511198186804
topN_sensitivity	HBV_INJURY_TOP_200	results/tables/HBV_INJURY_TOP_200_gene_set.tsv	200	200	proliferation_adjusted	(Intercept)	-0.08650929554342393	0.1019170464959206	-0.8488206685511301	0.39794953666997634	-0.2886377195999925	0.11561912851314465
topN_sensitivity	HBV_INJURY_TOP_200	results/tables/HBV_INJURY_TOP_200_gene_set.tsv	200	200	proliferation_adjusted	tissuetumor	0.17057690439846673	0.13648958554417354	1.2497430021374134	0.21422571067767712	-0.10011799674628213	0.4412718055432156
topN_sensitivity	HBV_INJURY_TOP_200	results/tables/HBV_INJURY_TOP_200_gene_set.tsv	200	200	proliferation_adjusted	E2F	-2.808830144955068	0.5971424883848507	-4.703785444161549	7.96109019115884e-6	-3.9931214314895427	-1.624538858420593
topN_sensitivity	HBV_INJURY_TOP_200	results/tables/HBV_INJURY_TOP_200_gene_set.tsv	200	200	proliferation_adjusted	G2M	3.119185456693084	0.6225719371624023	5.010160706744838	2.263813236646376e-6	1.884460856176738	4.35391005720943
topN_sensitivity	HBV_INJURY_TOP_200	results/tables/HBV_INJURY_TOP_200_gene_set.tsv	200	200	proliferation_cibersortx_pc_adjusted	(Intercept)	-0.15298898604235014	0.09083355227580979	-1.6842783554012033	0.09521592867015743	-0.33317831980046275	0.027200347715762463
topN_sensitivity	HBV_INJURY_TOP_200	results/tables/HBV_INJURY_TOP_200_gene_set.tsv	200	200	proliferation_cibersortx_pc_adjusted	tissuetumor	0.26866071518038914	0.12207150737785376	2.200847035899957	0.030024419708343554	0.026503681417416658	0.5108177489433616
topN_sensitivity	HBV_INJURY_TOP_200	results/tables/HBV_INJURY_TOP_200_gene_set.tsv	200	200	proliferation_cibersortx_pc_adjusted	E2F	-1.9710369132589716	0.5473896492819055	-3.6007931751078623	4.938202143154642e-4	-3.056910731236483	-0.8851630952814598
topN_sensitivity	HBV_INJURY_TOP_200	results/tables/HBV_INJURY_TOP_200_gene_set.tsv	200	200	proliferation_cibersortx_pc_adjusted	G2M	2.3708451626548244	0.5631420700736484	4.210030272369391	5.549417677147243e-5	1.2537227791811298	3.4879675461285187
topN_sensitivity	HBV_INJURY_TOP_200	results/tables/HBV_INJURY_TOP_200_gene_set.tsv	200	200	proliferation_cibersortx_pc_adjusted	CIBERSORTx_PC1	0.12267475846162817	0.023931687905653705	5.126038704217226	1.4283654600466523e-6	0.07520072721012522	0.17014878971313113
topN_sensitivity	HBV_INJURY_TOP_200	results/tables/HBV_INJURY_TOP_200_gene_set.tsv	200	200	proliferation_cibersortx_pc_adjusted	CIBERSORTx_PC2	0.07112525361291074	0.024699242057397035	2.879653288454244	0.0048609766268727286	0.022128601394147233	0.12012190583167423
topN_sensitivity	HBV_INJURY_TOP_200	results/tables/HBV_INJURY_TOP_200_gene_set.tsv	200	200	proliferation_selected_fraction_adjusted	(Intercept)	-1.2170987458315825	0.35402185367418887	-3.437919815401269	8.717185271341611e-4	-1.9199209861011424	-0.5142765055620225
topN_sensitivity	HBV_INJURY_TOP_200	results/tables/HBV_INJURY_TOP_200_gene_set.tsv	200	200	proliferation_selected_fraction_adjusted	tissuetumor	0.2383107124329143	0.11465659677360543	2.0784736259307386	0.040361746197682076	0.010688588629588908	0.4659328362362397
topN_sensitivity	HBV_INJURY_TOP_200	results/tables/HBV_INJURY_TOP_200_gene_set.tsv	200	200	proliferation_selected_fraction_adjusted	E2F	-1.7751170021191687	0.44842545290923713	-3.9585554089376336	1.4552949433413622e-4	-2.665354082504639	-0.8848799217336983
topN_sensitivity	HBV_INJURY_TOP_200	results/tables/HBV_INJURY_TOP_200_gene_set.tsv	200	200	proliferation_selected_fraction_adjusted	G2M	2.3033249819698622	0.46903180277186285	4.910807685870717	3.7661481948812594e-6	1.3721791248410287	3.234470839098696
topN_sensitivity	HBV_INJURY_TOP_200	results/tables/HBV_INJURY_TOP_200_gene_set.tsv	200	200	proliferation_selected_fraction_adjusted	T.cells.CD4.memory.resting	-0.23800087142578397	0.6091533705611728	-0.3907076328027693	0.6968881476478259	-1.4473232116211086	0.9713214687695406
topN_sensitivity	HBV_INJURY_TOP_200	results/tables/HBV_INJURY_TOP_200_gene_set.tsv	200	200	proliferation_selected_fraction_adjusted	Macrophages.M2	2.2538764592843976	0.5013839127572842	4.495310682964574	1.9606476625155974e-5	1.2585035433414862	3.249249375227309
topN_sensitivity	HBV_INJURY_TOP_200	results/tables/HBV_INJURY_TOP_200_gene_set.tsv	200	200	proliferation_selected_fraction_adjusted	Plasma.cells	3.665144557771497	0.7294916841829434	5.024244466716011	2.368266012034746e-6	2.216920459698393	5.113368655844601
topN_sensitivity	HBV_INJURY_TOP_200	results/tables/HBV_INJURY_TOP_200_gene_set.tsv	200	200	proliferation_selected_fraction_adjusted	Macrophages.M0	3.6586692908252787	0.6314384651284561	5.7941818449102245	8.891506054367324e-8	2.40510544427704	4.9122331373735175
topN_sensitivity	HBV_INJURY_TOP_200	results/tables/HBV_INJURY_TOP_200_gene_set.tsv	200	200	proliferation_selected_fraction_adjusted	T.cells.CD8	-0.4231912563687134	0.81524144344455	-0.5190992923282334	0.6048987250904645	-2.0416501500662765	1.1952676373288498
topN_sensitivity	HBV_INJURY_TOP_200	results/tables/HBV_INJURY_TOP_200_gene_set.tsv	200	200	proliferation_selected_fraction_adjusted	Macrophages.M1	3.2252275814317124	0.8981856850308106	3.5908249654647713	5.240437759474491e-4	1.4421035488900227	5.008351613973402
topN_sensitivity	HBV_INJURY_TOP_200	results/tables/HBV_INJURY_TOP_200_gene_set.tsv	200	200	proliferation_selected_fraction_adjusted	T.cells.follicular.helper	-2.68738128646484	1.044254904154997	-2.5734916597202364	0.01161450491273787	-4.760489382854086	-0.6142731900755947
topN_sensitivity	HBV_INJURY_TOP_200	results/tables/HBV_INJURY_TOP_200_gene_set.tsv	200	200	proliferation_selected_fraction_adjusted	Mast.cells.activated	1.0595401555053259	1.0450049422379752	1.0139092292101721	0.3132014357773709	-1.015056954740819	3.1341372657514706
topN_sensitivity	HBV_INJURY_TOP_500	results/tables/HBV_INJURY_TOP_500_gene_set.tsv	500	500	unadjusted	(Intercept)	-0.09430375628827636	0.07840432181657465	-1.2027877303613201	0.2317636667780941	-0.24976504311772285	0.061157530541170124
topN_sensitivity	HBV_INJURY_TOP_500	results/tables/HBV_INJURY_TOP_500_gene_set.tsv	500	500	unadjusted	tissuetumor	0.1441500274692222	0.09693550372050169	1.4870715262888217	0.1399927464360129	-0.048055169880805215	0.3363552248192496
topN_sensitivity	HBV_INJURY_TOP_500	results/tables/HBV_INJURY_TOP_500_gene_set.tsv	500	500	proliferation_adjusted	(Intercept)	-0.06456841216898916	0.09200838720144934	-0.7017665903394084	0.4844074341117842	-0.2470453475240566	0.11790852318607829
topN_sensitivity	HBV_INJURY_TOP_500	results/tables/HBV_INJURY_TOP_500_gene_set.tsv	500	500	proliferation_adjusted	tissuetumor	0.1379349253605097	0.1232196876527061	1.119422780467342	0.26556350077111157	-0.10644226309128693	0.38231211381230634
topN_sensitivity	HBV_INJURY_TOP_500	results/tables/HBV_INJURY_TOP_500_gene_set.tsv	500	500	proliferation_adjusted	E2F	-2.641942646160983	0.5390866314787631	-4.900775667380022	3.564686046494959e-6	-3.7110938332995156	-1.5727914590224505
topN_sensitivity	HBV_INJURY_TOP_500	results/tables/HBV_INJURY_TOP_500_gene_set.tsv	500	500	proliferation_adjusted	G2M	3.0069876597649956	0.5620437583764509	5.350095281639882	5.338406659919476e-7	1.8923064259832643	4.121668893546727
topN_sensitivity	HBV_INJURY_TOP_500	results/tables/HBV_INJURY_TOP_500_gene_set.tsv	500	500	proliferation_cibersortx_pc_adjusted	(Intercept)	-0.12418836116930453	0.08108460254038688	-1.5315899354313094	0.1287499700730664	-0.28503840109100287	0.0366616787523938
topN_sensitivity	HBV_INJURY_TOP_500	results/tables/HBV_INJURY_TOP_500_gene_set.tsv	500	500	proliferation_cibersortx_pc_adjusted	tissuetumor	0.22585087829018755	0.10896986200852546	2.07259947041612	0.040756113691215436	0.00968398463608136	0.4420177719442937
topN_sensitivity	HBV_INJURY_TOP_500	results/tables/HBV_INJURY_TOP_500_gene_set.tsv	500	500	proliferation_cibersortx_pc_adjusted	E2F	-1.847555056272383	0.4886396164709433	-3.781017735761601	2.6464417328651255e-4	-2.81688461273813	-0.8782254998066361
topN_sensitivity	HBV_INJURY_TOP_500	results/tables/HBV_INJURY_TOP_500_gene_set.tsv	500	500	proliferation_cibersortx_pc_adjusted	G2M	2.300519263514949	0.5027013672991948	4.576313917494757	1.3496795357644838e-5	1.303294975975363	3.297743551054535
topN_sensitivity	HBV_INJURY_TOP_500	results/tables/HBV_INJURY_TOP_500_gene_set.tsv	500	500	proliferation_cibersortx_pc_adjusted	CIBERSORTx_PC1	0.1167177221853111	0.021363156601630493	5.463505434229831	3.3691883389438524e-7	0.07433896611366096	0.15909647825696122
topN_sensitivity	HBV_INJURY_TOP_500	results/tables/HBV_INJURY_TOP_500_gene_set.tsv	500	500	proliferation_cibersortx_pc_adjusted	CIBERSORTx_PC2	0.06165312887247604	0.022048330986678803	2.7962719223385086	0.006189538331831281	0.01791517113077453	0.10539108661417754
topN_sensitivity	HBV_INJURY_TOP_500	results/tables/HBV_INJURY_TOP_500_gene_set.tsv	500	500	proliferation_selected_fraction_adjusted	(Intercept)	-1.1415609495587378	0.31446487752520935	-3.6301699526594144	4.586614004518477e-4	-1.7658526632328932	-0.5172692358845824
topN_sensitivity	HBV_INJURY_TOP_500	results/tables/HBV_INJURY_TOP_500_gene_set.tsv	500	500	proliferation_selected_fraction_adjusted	tissuetumor	0.22090500938491536	0.10184533041582086	2.1690244263825327	0.032576952539744866	0.018716464974558006	0.4230935537952727
topN_sensitivity	HBV_INJURY_TOP_500	results/tables/HBV_INJURY_TOP_500_gene_set.tsv	500	500	proliferation_selected_fraction_adjusted	E2F	-1.677416078722765	0.39832019878091185	-4.2112252500792575	5.772488620412505e-5	-2.4681816530690797	-0.8866505043764504
topN_sensitivity	HBV_INJURY_TOP_500	results/tables/HBV_INJURY_TOP_500_gene_set.tsv	500	500	proliferation_selected_fraction_adjusted	G2M	2.228550323484351	0.4166240780994915	5.349067518253625	6.092614409917847e-7	1.4014469543527828	3.0556536926159197
topN_sensitivity	HBV_INJURY_TOP_500	results/tables/HBV_INJURY_TOP_500_gene_set.tsv	500	500	proliferation_selected_fraction_adjusted	T.cells.CD4.memory.resting	-0.12577860026967438	0.5410890262268401	-0.2324545392220621	0.8166850430603321	-1.1999761325723213	0.9484189320329726
topN_sensitivity	HBV_INJURY_TOP_500	results/tables/HBV_INJURY_TOP_500_gene_set.tsv	500	500	proliferation_selected_fraction_adjusted	Macrophages.M2	2.1355150092785062	0.44536129360938637	4.7950170792154765	6.012182734878614e-6	1.2513610542179654	3.019668964339047
topN_sensitivity	HBV_INJURY_TOP_500	results/tables/HBV_INJURY_TOP_500_gene_set.tsv	500	500	proliferation_selected_fraction_adjusted	Plasma.cells	3.6502982466209293	0.6479812213326455	5.6333395574545895	1.7966501072476747e-7	2.3638928767175766	4.936703616524282
topN_sensitivity	HBV_INJURY_TOP_500	results/tables/HBV_INJURY_TOP_500_gene_set.tsv	500	500	proliferation_selected_fraction_adjusted	Macrophages.M0	3.2292888312908836	0.5608840740777219	5.7574978155707095	1.0446661956457077e-7	2.1157931603778346	4.342784502203933
topN_sensitivity	HBV_INJURY_TOP_500	results/tables/HBV_INJURY_TOP_500_gene_set.tsv	500	500	proliferation_selected_fraction_adjusted	T.cells.CD8	-0.5092508501226212	0.7241496478412356	-0.703239795311301	0.48362622963498425	-1.946869665187587	0.9283679649423446
topN_sensitivity	HBV_INJURY_TOP_500	results/tables/HBV_INJURY_TOP_500_gene_set.tsv	500	500	proliferation_selected_fraction_adjusted	Macrophages.M1	2.708969725547277	0.7978260339206369	3.395439118770032	0.0010015125400946055	1.1250847910835213	4.292854660011033
topN_sensitivity	HBV_INJURY_TOP_500	results/tables/HBV_INJURY_TOP_500_gene_set.tsv	500	500	proliferation_selected_fraction_adjusted	T.cells.follicular.helper	-2.32857646787548	0.9275740667761554	-2.510394103587437	0.0137497315409134	-4.170043814768518	-0.4871091209824421
topN_sensitivity	HBV_INJURY_TOP_500	results/tables/HBV_INJURY_TOP_500_gene_set.tsv	500	500	proliferation_selected_fraction_adjusted	Mast.cells.activated	0.6985752057562247	0.9282402986244302	0.7525801312348226	0.4535630497572114	-1.1442147785821684	2.5413651900946177
topN_sensitivity	HBV_INJURY_TOP_1000	results/tables/HBV_INJURY_TOP_1000_gene_set.tsv	1000	1000	unadjusted	(Intercept)	-0.12954412355172612	0.06972638969489742	-1.857892314783167	0.06598602625299037	-0.26779867402535434	0.008710426921902104
topN_sensitivity	HBV_INJURY_TOP_1000	results/tables/HBV_INJURY_TOP_1000_gene_set.tsv	1000	1000	unadjusted	tissuetumor	0.19801744600049537	0.08620650687470187	2.2970127566856036	0.02360225460467741	0.02708586746881872	0.36894902453217204
topN_sensitivity	HBV_INJURY_TOP_1000	results/tables/HBV_INJURY_TOP_1000_gene_set.tsv	1000	1000	proliferation_adjusted	(Intercept)	-0.06629984340772417	0.080791432913614	-0.8206296263938663	0.4137524653191118	-0.22653059551016497	0.09393090869471661
topN_sensitivity	HBV_INJURY_TOP_1000	results/tables/HBV_INJURY_TOP_1000_gene_set.tsv	1000	1000	proliferation_adjusted	tissuetumor	0.13947640783951543	0.10819769187817328	1.2890885694360361	0.20025486185055286	-0.07510819500971189	0.35406101068874274
topN_sensitivity	HBV_INJURY_TOP_1000	results/tables/HBV_INJURY_TOP_1000_gene_set.tsv	1000	1000	proliferation_adjusted	E2F	-2.2895601321609607	0.4733653392530782	-4.836771817247226	4.637452458296647e-6	-3.228368636880114	-1.3507516274418072
topN_sensitivity	HBV_INJURY_TOP_1000	results/tables/HBV_INJURY_TOP_1000_gene_set.tsv	1000	1000	proliferation_adjusted	G2M	2.701025166474674	0.49352370996316336	5.472939013763449	3.129810196091048e-7	1.7222372879091574	3.6798130450401905
topN_sensitivity	HBV_INJURY_TOP_1000	results/tables/HBV_INJURY_TOP_1000_gene_set.tsv	1000	1000	proliferation_cibersortx_pc_adjusted	(Intercept)	-0.11803572406097294	0.07140444292364752	-1.6530585384888175	0.10142417450547768	-0.25968293123738656	0.02361148311544066
topN_sensitivity	HBV_INJURY_TOP_1000	results/tables/HBV_INJURY_TOP_1000_gene_set.tsv	1000	1000	proliferation_cibersortx_pc_adjusted	tissuetumor	0.21576274781248286	0.09596066390422213	2.2484499276477976	0.026720054202808693	0.02540260376147449	0.40612289186349126
topN_sensitivity	HBV_INJURY_TOP_1000	results/tables/HBV_INJURY_TOP_1000_gene_set.tsv	1000	1000	proliferation_cibersortx_pc_adjusted	E2F	-1.5968203206020757	0.43030413310780974	-3.710910952839961	3.3811858932994367e-4	-2.450427970147974	-0.7432126710561777
topN_sensitivity	HBV_INJURY_TOP_1000	results/tables/HBV_INJURY_TOP_1000_gene_set.tsv	1000	1000	proliferation_cibersortx_pc_adjusted	G2M	2.0851863716694363	0.44268714360505335	4.710293492348969	7.910527890136552e-6	1.2070141602902316	2.963358583048641
topN_sensitivity	HBV_INJURY_TOP_1000	results/tables/HBV_INJURY_TOP_1000_gene_set.tsv	1000	1000	proliferation_cibersortx_pc_adjusted	CIBERSORTx_PC1	0.10181262012582062	0.01881274925742258	5.4118948130694084	4.2146031496364407e-7	0.0644931861730414	0.13913205407859985
topN_sensitivity	HBV_INJURY_TOP_1000	results/tables/HBV_INJURY_TOP_1000_gene_set.tsv	1000	1000	proliferation_cibersortx_pc_adjusted	CIBERSORTx_PC2	0.05333165150964502	0.01941612516033286	2.7467711023310444	0.0071275954503917955	0.014815282071826343	0.0918480209474637
topN_sensitivity	HBV_INJURY_TOP_1000	results/tables/HBV_INJURY_TOP_1000_gene_set.tsv	1000	1000	proliferation_selected_fraction_adjusted	(Intercept)	-0.9880811476941688	0.2754509824799249	-3.5871396747193702	5.306004847150245e-4	-1.534920487079015	-0.44124180830932247
topN_sensitivity	HBV_INJURY_TOP_1000	results/tables/HBV_INJURY_TOP_1000_gene_set.tsv	1000	1000	proliferation_selected_fraction_adjusted	tissuetumor	0.21101762258638757	0.08920995102793795	2.3654045334057296	0.020042745314175825	0.03391347778549744	0.38812176738727766
topN_sensitivity	HBV_INJURY_TOP_1000	results/tables/HBV_INJURY_TOP_1000_gene_set.tsv	1000	1000	proliferation_selected_fraction_adjusted	E2F	-1.452000430447082	0.3489028439654776	-4.161618214240613	6.940517108379027e-5	-2.1446601515554686	-0.7593407093386954
topN_sensitivity	HBV_INJURY_TOP_1000	results/tables/HBV_INJURY_TOP_1000_gene_set.tsv	1000	1000	proliferation_selected_fraction_adjusted	G2M	2.0268400333855734	0.3649358635547402	5.5539623144809065	2.5340585138165005e-7	1.30235074404838	2.751329322722767
topN_sensitivity	HBV_INJURY_TOP_1000	results/tables/HBV_INJURY_TOP_1000_gene_set.tsv	1000	1000	proliferation_selected_fraction_adjusted	T.cells.CD4.memory.resting	-0.09388710071464275	0.4739591430885337	-0.198091126806483	0.843397040543	-1.0348149651517602	0.8470407637224747
topN_sensitivity	HBV_INJURY_TOP_1000	results/tables/HBV_INJURY_TOP_1000_gene_set.tsv	1000	1000	proliferation_selected_fraction_adjusted	Macrophages.M2	1.928302010066897	0.3901078137840732	4.94299765842225	3.3034749015225974e-6	1.1538400812767298	2.702763938857064
topN_sensitivity	HBV_INJURY_TOP_1000	results/tables/HBV_INJURY_TOP_1000_gene_set.tsv	1000	1000	proliferation_selected_fraction_adjusted	Plasma.cells	3.2091550753816556	0.5675898225877715	5.654003908580294	1.6422036101741477e-7	2.082346810509775	4.335963340253536
topN_sensitivity	HBV_INJURY_TOP_1000	results/tables/HBV_INJURY_TOP_1000_gene_set.tsv	1000	1000	proliferation_selected_fraction_adjusted	Macrophages.M0	2.750886340034968	0.49129833028703224	5.599217767395651	2.083447097054202e-7	1.7755358368120617	3.7262368432578743
topN_sensitivity	HBV_INJURY_TOP_1000	results/tables/HBV_INJURY_TOP_1000_gene_set.tsv	1000	1000	proliferation_selected_fraction_adjusted	T.cells.CD8	-0.6689029232369813	0.6343084592789522	-1.054538865834068	0.2943108880961797	-1.9281644285525474	0.5903585820785849
topN_sensitivity	HBV_INJURY_TOP_1000	results/tables/HBV_INJURY_TOP_1000_gene_set.tsv	1000	1000	proliferation_selected_fraction_adjusted	Macrophages.M1	2.3062722030889318	0.6988442290312179	3.3001234141777664	0.0013617635265556099	0.9188909961106804	3.693653410067183
topN_sensitivity	HBV_INJURY_TOP_1000	results/tables/HBV_INJURY_TOP_1000_gene_set.tsv	1000	1000	proliferation_selected_fraction_adjusted	T.cells.follicular.helper	-2.1183367625224525	0.8124951505781722	-2.6071992688387646	0.010600753513747075	-3.7313435755511195	-0.5053299494937853
topN_sensitivity	HBV_INJURY_TOP_1000	results/tables/HBV_INJURY_TOP_1000_gene_set.tsv	1000	1000	proliferation_selected_fraction_adjusted	Mast.cells.activated	0.5263569442383216	0.8130787267746967	0.6473628283527513	0.5189584380337116	-1.0878084140201179	2.140522302496761
compact_primary	HBV_INJURY_TOP_2000	results/tables/HBV_INJURY_TOP_2000_gene_set.tsv	2000	2000	unadjusted	(Intercept)	-0.1550747284139325	0.06056844401323321	-2.560322143657037	0.011879893510420552	-0.2751707643133715	-0.03497869251449347
compact_primary	HBV_INJURY_TOP_2000	results/tables/HBV_INJURY_TOP_2000_gene_set.tsv	2000	2000	unadjusted	tissuetumor	0.23704279914701074	0.07488404330217151	3.165464746481403	0.0020265513755911768	0.08856157432393533	0.3855240239700861
compact_primary	HBV_INJURY_TOP_2000	results/tables/HBV_INJURY_TOP_2000_gene_set.tsv	2000	2000	proliferation_adjusted	(Intercept)	-0.0606426770952278	0.0676960983918791	-0.8958075655140351	0.37244434525020265	-0.1949019217768977	0.07361656758644208
compact_primary	HBV_INJURY_TOP_2000	results/tables/HBV_INJURY_TOP_2000_gene_set.tsv	2000	2000	proliferation_adjusted	tissuetumor	0.13039905294306417	0.09066012733046587	1.4383285881316454	0.15337244396081426	-0.04940392695204493	0.31020203283817327
compact_primary	HBV_INJURY_TOP_2000	results/tables/HBV_INJURY_TOP_2000_gene_set.tsv	2000	2000	proliferation_adjusted	E2F	-2.0055641822575816	0.3966384234779648	-5.056404179583979	1.8653955160558438e-6	-2.7922029459808995	-1.2189254185342637
compact_primary	HBV_INJURY_TOP_2000	results/tables/HBV_INJURY_TOP_2000_gene_set.tsv	2000	2000	proliferation_adjusted	G2M	2.4650539570335313	0.41352936101671395	5.961013145409763	3.5454450219857995e-8	1.6449160025180039	3.2851919115490587
compact_primary	HBV_INJURY_TOP_2000	results/tables/HBV_INJURY_TOP_2000_gene_set.tsv	2000	2000	proliferation_cibersortx_pc_adjusted	(Intercept)	-0.10120074273540593	0.06081668186527695	-1.6640293358915739	0.09920628561650262	-0.22184468004844377	0.019443194577631925
compact_primary	HBV_INJURY_TOP_2000	results/tables/HBV_INJURY_TOP_2000_gene_set.tsv	2000	2000	proliferation_cibersortx_pc_adjusted	tissuetumor	0.19019030421018762	0.08173173726016271	2.3270067489791297	0.021961192570215705	0.028056523081781	0.3523240853385943
compact_primary	HBV_INJURY_TOP_2000	results/tables/HBV_INJURY_TOP_2000_gene_set.tsv	2000	2000	proliferation_cibersortx_pc_adjusted	E2F	-1.4505826722622723	0.36649917704020984	-3.9579425088398605	1.407552360524356e-4	-2.1776184523146522	-0.7235468922098925
compact_primary	HBV_INJURY_TOP_2000	results/tables/HBV_INJURY_TOP_2000_gene_set.tsv	2000	2000	proliferation_cibersortx_pc_adjusted	G2M	1.9724885662260374	0.3770460503034118	5.231426147121183	9.143638787354553e-7	1.2245306266972005	2.7204465057548743
compact_primary	HBV_INJURY_TOP_2000	results/tables/HBV_INJURY_TOP_2000_gene_set.tsv	2000	2000	proliferation_cibersortx_pc_adjusted	CIBERSORTx_PC1	0.08166999618258625	0.016023218440669115	5.0969782684417915	1.6139701367796257e-6	0.04988424099470094	0.11345575137047155
compact_primary	HBV_INJURY_TOP_2000	results/tables/HBV_INJURY_TOP_2000_gene_set.tsv	2000	2000	proliferation_cibersortx_pc_adjusted	CIBERSORTx_PC2	0.041218753544121765	0.016537126522995407	2.492497925005639	0.01431119197133254	0.008413542960656335	0.07402396412758719
compact_primary	HBV_INJURY_TOP_2000	results/tables/HBV_INJURY_TOP_2000_gene_set.tsv	2000	2000	proliferation_selected_fraction_adjusted	(Intercept)	-0.7806371538060091	0.23300144899628558	-3.35035321526457	0.0011590218465507534	-1.24320351424412	-0.3180707933678981
compact_primary	HBV_INJURY_TOP_2000	results/tables/HBV_INJURY_TOP_2000_gene_set.tsv	2000	2000	proliferation_selected_fraction_adjusted	tissuetumor	0.18814634652249823	0.07546187589260868	2.4932635757723953	0.0143872336853973	0.038335581680289554	0.3379571113647069
compact_primary	HBV_INJURY_TOP_2000	results/tables/HBV_INJURY_TOP_2000_gene_set.tsv	2000	2000	proliferation_selected_fraction_adjusted	E2F	-1.3199771502876647	0.295133702087289	-4.472471767718575	2.1416818998230765e-5	-1.9058916285247478	-0.7340626720505816
compact_primary	HBV_INJURY_TOP_2000	results/tables/HBV_INJURY_TOP_2000_gene_set.tsv	2000	2000	proliferation_selected_fraction_adjusted	G2M	1.9020664319930671	0.3086958856832625	6.161618992047996	1.7290233543460365e-8	1.289227615162352	2.514905248823782
compact_primary	HBV_INJURY_TOP_2000	results/tables/HBV_INJURY_TOP_2000_gene_set.tsv	2000	2000	proliferation_selected_fraction_adjusted	T.cells.CD4.memory.resting	-0.05215486335334512	0.4009176736652761	-0.13008871092295352	0.8967712990635469	-0.848077077320424	0.7437673506137339
compact_primary	HBV_INJURY_TOP_2000	results/tables/HBV_INJURY_TOP_2000_gene_set.tsv	2000	2000	proliferation_selected_fraction_adjusted	Macrophages.M2	1.6291538835210324	0.3299886065321505	4.937000403261818	3.385256992249459e-6	0.9740436712576999	2.2842640957843647
compact_primary	HBV_INJURY_TOP_2000	results/tables/HBV_INJURY_TOP_2000_gene_set.tsv	2000	2000	proliferation_selected_fraction_adjusted	Plasma.cells	2.685326499626182	0.48011900305396027	5.593043563252547	2.1399420945005152e-7	1.7321697670112486	3.6384832322411156
compact_primary	HBV_INJURY_TOP_2000	results/tables/HBV_INJURY_TOP_2000_gene_set.tsv	2000	2000	proliferation_selected_fraction_adjusted	Macrophages.M0	2.2301977514849685	0.41558473241124533	5.366409248350485	5.660035291314972e-7	1.40515774442398	3.0552377585459567
compact_primary	HBV_INJURY_TOP_2000	results/tables/HBV_INJURY_TOP_2000_gene_set.tsv	2000	2000	proliferation_selected_fraction_adjusted	T.cells.CD8	-0.8176799390152597	0.5365556833088032	-1.5239423688010054	0.13084522988375333	-1.882877647740639	0.24751776971011974
compact_primary	HBV_INJURY_TOP_2000	results/tables/HBV_INJURY_TOP_2000_gene_set.tsv	2000	2000	proliferation_selected_fraction_adjusted	Macrophages.M1	1.6647324159841974	0.5911458965256483	2.816110922478456	0.005911469155085939	0.4911594316884973	2.8383054002798973
compact_primary	HBV_INJURY_TOP_2000	results/tables/HBV_INJURY_TOP_2000_gene_set.tsv	2000	2000	proliferation_selected_fraction_adjusted	T.cells.follicular.helper	-1.7994121195677304	0.6872821642629887	-2.6181562873777486	0.010288864699720247	-3.1638397258622586	-0.434984513273202
compact_primary	HBV_INJURY_TOP_2000	results/tables/HBV_INJURY_TOP_2000_gene_set.tsv	2000	2000	proliferation_selected_fraction_adjusted	Mast.cells.activated	0.18018460073596926	0.6877758059925109	0.26198159220787026	0.7939028434482991	-1.1852230082974653	1.545592209769404
topN_sensitivity	HBV_INJURY_TOP_5000	results/tables/HBV_INJURY_TOP_5000_gene_set.tsv	5000	5000	unadjusted	(Intercept)	-0.1723854108294721	0.041665333891856664	-4.137382200677965	7.102143525181275e-5	-0.25500007125801594	-0.08977075040092823
topN_sensitivity	HBV_INJURY_TOP_5000	results/tables/HBV_INJURY_TOP_5000_gene_set.tsv	5000	5000	unadjusted	tissuetumor	0.26350341369647845	0.051513105845604104	5.11526939350648	1.4196136967776714e-6	0.16136244062519367	0.36564438676776323
topN_sensitivity	HBV_INJURY_TOP_5000	results/tables/HBV_INJURY_TOP_5000_gene_set.tsv	5000	5000	proliferation_adjusted	(Intercept)	-0.05835130902338252	0.04402349212480334	-1.3254584360995463	0.18795161176836275	-0.14566152248222164	0.02895890443545658
topN_sensitivity	HBV_INJURY_TOP_5000	results/tables/HBV_INJURY_TOP_5000_gene_set.tsv	5000	5000	proliferation_adjusted	tissuetumor	0.11878994649076555	0.05895724415995617	2.014849034810345	0.046526296201081396	0.0018621580736701976	0.2357177349078609
topN_sensitivity	HBV_INJURY_TOP_5000	results/tables/HBV_INJURY_TOP_5000_gene_set.tsv	5000	5000	proliferation_adjusted	E2F	-1.2513683521460572	0.2579381814782886	-4.851427365170396	4.367074342663641e-6	-1.7629278990400161	-0.7398088052520985
topN_sensitivity	HBV_INJURY_TOP_5000	results/tables/HBV_INJURY_TOP_5000_gene_set.tsv	5000	5000	proliferation_adjusted	G2M	1.677941196418871	0.2689225376432943	6.239496366215817	9.865230183359785e-9	1.1445967697894353	2.211285623048307
topN_sensitivity	HBV_INJURY_TOP_5000	results/tables/HBV_INJURY_TOP_5000_gene_set.tsv	5000	5000	proliferation_cibersortx_pc_adjusted	(Intercept)	-0.0816475843777169	0.04086123412177209	-1.9981673616219198	0.04838679279244041	-0.16270528132410367	-5.898874313301217e-4
topN_sensitivity	HBV_INJURY_TOP_5000	results/tables/HBV_INJURY_TOP_5000_gene_set.tsv	5000	5000	proliferation_cibersortx_pc_adjusted	tissuetumor	0.1531343282135822	0.05491354590447391	2.7886439619100623	0.006326323754542566	0.04420062472065146	0.26206803170651294
topN_sensitivity	HBV_INJURY_TOP_5000	results/tables/HBV_INJURY_TOP_5000_gene_set.tsv	5000	5000	proliferation_cibersortx_pc_adjusted	E2F	-0.933227924680789	0.24624179121858797	-3.789884406146014	2.5651506328256264e-4	-1.4217054001444234	-0.44475044921715456
topN_sensitivity	HBV_INJURY_TOP_5000	results/tables/HBV_INJURY_TOP_5000_gene_set.tsv	5000	5000	proliferation_cibersortx_pc_adjusted	G2M	1.3955382300481542	0.25332797620012026	5.508820032358873	2.765575913569455e-7	0.8930036697439758	1.8980727903523327
topN_sensitivity	HBV_INJURY_TOP_5000	results/tables/HBV_INJURY_TOP_5000_gene_set.tsv	5000	5000	proliferation_cibersortx_pc_adjusted	CIBERSORTx_PC1	0.04681148933925186	0.01076560673827704	4.348244411790924	3.282114662892945e-5	0.02545542148690392	0.06816755719159981
topN_sensitivity	HBV_INJURY_TOP_5000	results/tables/HBV_INJURY_TOP_5000_gene_set.tsv	5000	5000	proliferation_cibersortx_pc_adjusted	CIBERSORTx_PC2	0.023707344987374136	0.011110888950738466	2.1337037110607127	0.03528859095133112	0.001666330105397358	0.04574835986935091
topN_sensitivity	HBV_INJURY_TOP_5000	results/tables/HBV_INJURY_TOP_5000_gene_set.tsv	5000	5000	proliferation_selected_fraction_adjusted	(Intercept)	-0.4270709831547393	0.1568248207115576	-2.7232359088121387	0.0076931857448778755	-0.7384076158469288	-0.11573435046254982
topN_sensitivity	HBV_INJURY_TOP_5000	results/tables/HBV_INJURY_TOP_5000_gene_set.tsv	5000	5000	proliferation_selected_fraction_adjusted	tissuetumor	0.14858335653082952	0.050790650480481876	2.925407631625588	0.004302494522912037	0.04775116669575588	0.24941554636590316
topN_sensitivity	HBV_INJURY_TOP_5000	results/tables/HBV_INJURY_TOP_5000_gene_set.tsv	5000	5000	proliferation_selected_fraction_adjusted	E2F	-0.849119237510133	0.19864378575823877	-4.27458243543325	4.5533583283466624e-5	-1.2434770125268075	-0.45476146249345833
topN_sensitivity	HBV_INJURY_TOP_5000	results/tables/HBV_INJURY_TOP_5000_gene_set.tsv	5000	5000	proliferation_selected_fraction_adjusted	G2M	1.348286088387525	0.20777199942411032	6.489257898680388	3.8878599870679376e-9	0.9358065180304662	1.7607656587445837
topN_sensitivity	HBV_INJURY_TOP_5000	results/tables/HBV_INJURY_TOP_5000_gene_set.tsv	5000	5000	proliferation_selected_fraction_adjusted	T.cells.CD4.memory.resting	-0.0918887193692973	0.26984313858775183	-0.3405264252787939	0.7342119941194138	-0.6275950810397047	0.4438176423011101
topN_sensitivity	HBV_INJURY_TOP_5000	results/tables/HBV_INJURY_TOP_5000_gene_set.tsv	5000	5000	proliferation_selected_fraction_adjusted	Macrophages.M2	1.0140099564350107	0.2221033572073889	4.565486848936638	1.492292490054386e-5	0.5730790436571018	1.4549408692129195
topN_sensitivity	HBV_INJURY_TOP_5000	results/tables/HBV_INJURY_TOP_5000_gene_set.tsv	5000	5000	proliferation_selected_fraction_adjusted	Plasma.cells	1.59738423356883	0.3231506795279604	4.943156040712015	3.301341402597054e-6	0.9558490227524631	2.2389194443851967
topN_sensitivity	HBV_INJURY_TOP_5000	results/tables/HBV_INJURY_TOP_5000_gene_set.tsv	5000	5000	proliferation_selected_fraction_adjusted	Macrophages.M0	1.2967148668247388	0.2797150036259782	4.635843090342931	1.1323237031305184e-5	0.7414103751807217	1.8520193584687559
topN_sensitivity	HBV_INJURY_TOP_5000	results/tables/HBV_INJURY_TOP_5000_gene_set.tsv	5000	5000	proliferation_selected_fraction_adjusted	T.cells.CD8	-0.8401972033110948	0.36113616116615543	-2.3265385570860286	0.022115270345263692	-1.557143129668328	-0.12325127695386151
topN_sensitivity	HBV_INJURY_TOP_5000	results/tables/HBV_INJURY_TOP_5000_gene_set.tsv	5000	5000	proliferation_selected_fraction_adjusted	Macrophages.M1	0.9437920959077035	0.3978788528413214	2.3720589550510707	0.01970570301147124	0.15390270403085382	1.7336814877845532
topN_sensitivity	HBV_INJURY_TOP_5000	results/tables/HBV_INJURY_TOP_5000_gene_set.tsv	5000	5000	proliferation_selected_fraction_adjusted	T.cells.follicular.helper	-1.246301556931296	0.462584686288851	-2.6942127438976007	0.008342947709231652	-2.1646482695925133	-0.3279548442700787
topN_sensitivity	HBV_INJURY_TOP_5000	results/tables/HBV_INJURY_TOP_5000_gene_set.tsv	5000	5000	proliferation_selected_fraction_adjusted	Mast.cells.activated	-0.11018026676252504	0.4629169386248838	-0.23801303769488458	0.8123835880529638	-1.0291865837072687	0.8088260501822185
extended_sensitivity	HBV_INJURY_EXTENDED_7792	results/tables/HBV_INJURY_EXTENDED_7792_gene_set.tsv	7792	7792	unadjusted	(Intercept)	-0.15229562186950538	0.02970694485803023	-5.126599944805082	1.3530051312594029e-6	-0.21119900587179496	-0.09339223786721579
extended_sensitivity	HBV_INJURY_EXTENDED_7792	results/tables/HBV_INJURY_EXTENDED_7792_gene_set.tsv	7792	7792	unadjusted	tissuetumor	0.23279473628624367	0.03672830268906897	6.3382927944429	5.922790493723865e-9	0.15996929673378998	0.3056201758386974
extended_sensitivity	HBV_INJURY_EXTENDED_7792	results/tables/HBV_INJURY_EXTENDED_7792_gene_set.tsv	7792	7792	proliferation_adjusted	(Intercept)	-0.0682570498113959	0.03176738446065145	-2.1486518632323106	0.03400523997708502	-0.1312601643854394	-0.005253935237352403
extended_sensitivity	HBV_INJURY_EXTENDED_7792	results/tables/HBV_INJURY_EXTENDED_7792_gene_set.tsv	7792	7792	proliferation_adjusted	tissuetumor	0.12498265000843614	0.042543590968663794	2.9377550686892944	0.004079746628983008	0.040607471450377366	0.20935782856649493
extended_sensitivity	HBV_INJURY_EXTENDED_7792	results/tables/HBV_INJURY_EXTENDED_7792_gene_set.tsv	7792	7792	proliferation_adjusted	E2F	-0.8366911739235683	0.1861283824298317	-4.495236905843693	1.8254852420920533e-5	-1.2058329211213352	-0.46754942672580124
extended_sensitivity	HBV_INJURY_EXTENDED_7792	results/tables/HBV_INJURY_EXTENDED_7792_gene_set.tsv	7792	7792	proliferation_adjusted	G2M	1.1416849185188278	0.1940547019584423	5.883314895216118	5.0432919485075e-8	0.7568231859999497	1.526546651037706
extended_sensitivity	HBV_INJURY_EXTENDED_7792	results/tables/HBV_INJURY_EXTENDED_7792_gene_set.tsv	7792	7792	proliferation_cibersortx_pc_adjusted	(Intercept)	-0.08354029588648722	0.030518564871835036	-2.7373599065788596	0.007319962215642049	-0.14408091918845825	-0.022999672584516184
extended_sensitivity	HBV_INJURY_EXTENDED_7792	results/tables/HBV_INJURY_EXTENDED_7792_gene_set.tsv	7792	7792	proliferation_cibersortx_pc_adjusted	tissuetumor	0.14754405367662995	0.04101399894173088	3.5974071654472835	4.995459324941132e-4	0.06618331242073	0.2289047949325299
extended_sensitivity	HBV_INJURY_EXTENDED_7792	results/tables/HBV_INJURY_EXTENDED_7792_gene_set.tsv	7792	7792	proliferation_cibersortx_pc_adjusted	E2F	-0.6555989633886055	0.1839138303328227	-3.5647072447036203	5.58168838374269e-4	-1.020434530492143	-0.29076339628506803
extended_sensitivity	HBV_INJURY_EXTENDED_7792	results/tables/HBV_INJURY_EXTENDED_7792_gene_set.tsv	7792	7792	proliferation_cibersortx_pc_adjusted	G2M	0.9790990555702501	0.18920638208023766	5.174767599303489	1.162842813666733e-6	0.6037644894806187	1.3544336216598816
extended_sensitivity	HBV_INJURY_EXTENDED_7792	results/tables/HBV_INJURY_EXTENDED_7792_gene_set.tsv	7792	7792	proliferation_cibersortx_pc_adjusted	CIBERSORTx_PC1	0.026409997826481475	0.008040649644786683	3.2845602026205594	0.0014044299007722155	0.010459511842214154	0.04236048381074879
extended_sensitivity	HBV_INJURY_EXTENDED_7792	results/tables/HBV_INJURY_EXTENDED_7792_gene_set.tsv	7792	7792	proliferation_cibersortx_pc_adjusted	CIBERSORTx_PC2	0.016921672454356818	0.008298535091141326	2.0391156111903026	0.04405039876640437	4.596111149447468e-4	0.03338373379376889
extended_sensitivity	HBV_INJURY_EXTENDED_7792	results/tables/HBV_INJURY_EXTENDED_7792_gene_set.tsv	7792	7792	proliferation_selected_fraction_adjusted	(Intercept)	-0.21635255605234383	0.11462855744083754	-1.8874228279807883	0.06215619005833116	-0.44391901474215417	0.011213902637466522
extended_sensitivity	HBV_INJURY_EXTENDED_7792	results/tables/HBV_INJURY_EXTENDED_7792_gene_set.tsv	7792	7792	proliferation_selected_fraction_adjusted	tissuetumor	0.13343099370846417	0.03712460163922476	3.5941394066700214	5.182124431552317e-4	0.05972934104945138	0.20713264636747697
extended_sensitivity	HBV_INJURY_EXTENDED_7792	results/tables/HBV_INJURY_EXTENDED_7792_gene_set.tsv	7792	7792	proliferation_selected_fraction_adjusted	E2F	-0.5793523002972694	0.1451954512221903	-3.990154618622974	1.298854836787025e-4	-0.8676017155405562	-0.2911028850539825
extended_sensitivity	HBV_INJURY_EXTENDED_7792	results/tables/HBV_INJURY_EXTENDED_7792_gene_set.tsv	7792	7792	proliferation_selected_fraction_adjusted	G2M	0.9387698787482522	0.15186757085084984	6.181503223424996	1.5806057492033317e-8	0.6372746313166603	1.2402651261798443
extended_sensitivity	HBV_INJURY_EXTENDED_7792	results/tables/HBV_INJURY_EXTENDED_7792_gene_set.tsv	7792	7792	proliferation_selected_fraction_adjusted	T.cells.CD4.memory.resting	-0.2550680262390536	0.19723746261131483	-1.2932027357384044	0.19907683487635425	-0.6466338968170445	0.1364978443389373
extended_sensitivity	HBV_INJURY_EXTENDED_7792	results/tables/HBV_INJURY_EXTENDED_7792_gene_set.tsv	7792	7792	proliferation_selected_fraction_adjusted	Macrophages.M2	0.6127357137589543	0.16234284422538317	3.774331518476315	2.7925139076273115e-4	0.2904444193485757	0.9350270081693329
extended_sensitivity	HBV_INJURY_EXTENDED_7792	results/tables/HBV_INJURY_EXTENDED_7792_gene_set.tsv	7792	7792	proliferation_selected_fraction_adjusted	Plasma.cells	0.9190092661234284	0.23620174448308212	3.8907810276111325	1.8537921962082026e-4	0.45008951585864043	1.3879290163882163
extended_sensitivity	HBV_INJURY_EXTENDED_7792	results/tables/HBV_INJURY_EXTENDED_7792_gene_set.tsv	7792	7792	proliferation_selected_fraction_adjusted	Macrophages.M0	0.9369846977077517	0.20445314214117594	4.582882355805317	1.394146622642473e-5	0.53109389210213	1.3428755033133735
extended_sensitivity	HBV_INJURY_EXTENDED_7792	results/tables/HBV_INJURY_EXTENDED_7792_gene_set.tsv	7792	7792	proliferation_selected_fraction_adjusted	T.cells.CD8	-0.733625340189978	0.2639666157842283	-2.779235313565782	0.006568036061240514	-1.2576653290675675	-0.20958535131238865
extended_sensitivity	HBV_INJURY_EXTENDED_7792	results/tables/HBV_INJURY_EXTENDED_7792_gene_set.tsv	7792	7792	proliferation_selected_fraction_adjusted	Macrophages.M1	0.5894728243048896	0.29082308993231165	2.0269120462274435	0.045473813690028134	0.012115993174198203	1.1668296554355808
extended_sensitivity	HBV_INJURY_EXTENDED_7792	results/tables/HBV_INJURY_EXTENDED_7792_gene_set.tsv	7792	7792	proliferation_selected_fraction_adjusted	T.cells.follicular.helper	-1.0666059049904588	0.33811876871864033	-3.154530312033688	0.0021529068863836683	-1.737856529893183	-0.3953552800877348
extended_sensitivity	HBV_INJURY_EXTENDED_7792	results/tables/HBV_INJURY_EXTENDED_7792_gene_set.tsv	7792	7792	proliferation_selected_fraction_adjusted	Mast.cells.activated	-0.09946968068669303	0.3383616231712262	-0.2939744754574513	0.7694187355980475	-0.771202432635119	0.5722630712617329
